{"cameraMode":{"drawMode":0,"name":"Shaded","section":"Shading Mode"},"sceneLighting":false,"audioPlay":false,"sceneViewState":{"showFog":true,"showMaterialUpdate":false,"showSkybox":true,"showFlares":true,"showImageEffects":true,"showParticleSystems":true},"in2DMode":false,"pivot":{"x":244.39999389648438,"y":209.89999389648438,"z":-10.0},"rotation":{"x":0.12786121666431428,"y":-0.7865707278251648,"z":0.17382892966270448,"w":0.5785684585571289},"size":80.67274475097656,"orthographic":true}