{"cameraMode":{"drawMode":0,"name":"Shaded","section":"Shading Mode"},"sceneLighting":false,"audioPlay":false,"sceneViewState":{"showFog":true,"showMaterialUpdate":false,"showSkybox":true,"showFlares":true,"showImageEffects":true,"showParticleSystems":true},"in2DMode":false,"pivot":{"x":317.44989013671877,"y":250.60421752929688,"z":14.167278289794922},"rotation":{"x":-0.12292583286762238,"y":0.6134408116340637,"z":-0.09742531925439835,"w":-0.7740077972412109},"size":10.742634773254395,"orthographic":false}