{"cameraMode":{"drawMode":0,"name":"Shaded","section":"Shading Mode"},"sceneLighting":true,"audioPlay":false,"sceneViewState":{"showFog":true,"showMaterialUpdate":false,"showSkybox":true,"showFlares":true,"showImageEffects":true,"showParticleSystems":true},"in2DMode":false,"pivot":{"x":1187.1396484375,"y":294.4421081542969,"z":392.711181640625},"rotation":{"x":-0.0018175521399825812,"y":0.7347091436386108,"z":0.00197035213932395,"w":0.6783770322799683},"size":709.6663818359375,"orthographic":false}