{"cameraMode":{"drawMode":0,"name":"Shaded","section":"Shading Mode"},"sceneLighting":false,"audioPlay":false,"sceneViewState":{"showFog":true,"showMaterialUpdate":false,"showSkybox":true,"showFlares":true,"showImageEffects":true,"showParticleSystems":true},"in2DMode":false,"pivot":{"x":334.5389099121094,"y":101.52203369140625,"z":114.55885314941406},"rotation":{"x":0.39262300729751589,"y":-0.594332218170166,"z":0.4092283844947815,"w":0.5702179670333862},"size":376.2608642578125,"orthographic":true}