{"cameraMode":{"drawMode":0,"name":"Shaded","section":"Shading Mode"},"sceneLighting":false,"audioPlay":false,"sceneViewState":{"showFog":true,"showMaterialUpdate":false,"showSkybox":true,"showFlares":true,"showImageEffects":true,"showParticleSystems":true},"in2DMode":false,"pivot":{"x":28.408645629882814,"y":155.5436553955078,"z":347.99322509765627},"rotation":{"x":0.14202775061130525,"y":0.32401514053344729,"z":-0.04926810786128044,"w":0.93403160572052},"size":22.0,"orthographic":false}