{"cameraMode":{"drawMode":0,"name":"Shaded","section":"Shading Mode"},"sceneLighting":false,"audioPlay":false,"sceneViewState":{"showFog":true,"showMaterialUpdate":false,"showSkybox":true,"showFlares":true,"showImageEffects":true,"showParticleSystems":true},"in2DMode":false,"pivot":{"x":251.80099487304688,"y":129.66270446777345,"z":254.0415802001953},"rotation":{"x":0.42873290181159975,"y":0.20036627352237702,"z":-0.09813079982995987,"w":0.875449538230896},"size":1642.9471435546875,"orthographic":true}