{"cameraMode":{"drawMode":0,"name":"Shaded","section":"Shading Mode"},"sceneLighting":false,"audioPlay":false,"sceneViewState":{"showFog":true,"showMaterialUpdate":false,"showSkybox":true,"showFlares":true,"showImageEffects":true,"showParticleSystems":true},"in2DMode":false,"pivot":{"x":220.40719604492188,"y":173.0237274169922,"z":30.852266311645509},"rotation":{"x":-0.05927346274256706,"y":0.8350914716720581,"z":-0.09181056171655655,"w":-0.5391473174095154},"size":44.4400749206543,"orthographic":false}