{"cameraMode":{"drawMode":0,"name":"Shaded","section":"Shading Mode"},"sceneLighting":false,"audioPlay":false,"sceneViewState":{"showFog":true,"showMaterialUpdate":false,"showSkybox":true,"showFlares":true,"showImageEffects":true,"showParticleSystems":true},"in2DMode":false,"pivot":{"x":203.07749938964845,"y":167.96856689453126,"z":521.712890625},"rotation":{"x":-0.07051513344049454,"y":0.8592242002487183,"z":-0.12327443808317185,"w":-0.49149250984191897},"size":7.119303226470947,"orthographic":false}