{"cameraMode":{"drawMode":0,"name":"Shaded","section":"Shading Mode"},"sceneLighting":true,"audioPlay":false,"sceneViewState":{"showFog":true,"showMaterialUpdate":false,"showSkybox":true,"showFlares":true,"showImageEffects":true,"showParticleSystems":true},"in2DMode":false,"pivot":{"x":515.26806640625,"y":109.69196319580078,"z":623.2881469726563},"rotation":{"x":-0.03908771649003029,"y":-0.8867214918136597,"z":0.07629323750734329,"w":-0.4542868733406067},"size":3.378831148147583,"orthographic":false}